file_name,labels
/Users/trinity/Python3/snoresense/dataset/0/0_79.wav,0
/Users/trinity/Python3/snoresense/dataset/0/0_259.wav,0
/Users/trinity/Python3/snoresense/dataset/0/0_45.wav,0
/Users/trinity/Python3/snoresense/dataset/0/0_271.wav,0
/Users/trinity/Python3/snoresense/dataset/0/0_265.wav,0
/Users/trinity/Python3/snoresense/dataset/0/0_51.wav,0
/Users/trinity/Python3/snoresense/dataset/0/0_86.wav,0
/Users/trinity/Python3/snoresense/dataset/0/0_92.wav,0
/Users/trinity/Python3/snoresense/dataset/0/0_339.wav,0
/Users/trinity/Python3/snoresense/dataset/0/0_463.wav,0
/Users/trinity/Python3/snoresense/dataset/0/0_305.wav,0
/Users/trinity/Python3/snoresense/dataset/0/0_311.wav,0
/Users/trinity/Python3/snoresense/dataset/0/0_477.wav,0
/Users/trinity/Python3/snoresense/dataset/0/0_488.wav,0
/Users/trinity/Python3/snoresense/dataset/0/0_107.wav,0
/Users/trinity/Python3/snoresense/dataset/0/0_113.wav,0
/Users/trinity/Python3/snoresense/dataset/0/0_112.wav,0
/Users/trinity/Python3/snoresense/dataset/0/0_106.wav,0
/Users/trinity/Python3/snoresense/dataset/0/0_489.wav,0
/Users/trinity/Python3/snoresense/dataset/0/0_310.wav,0
/Users/trinity/Python3/snoresense/dataset/0/0_476.wav,0
/Users/trinity/Python3/snoresense/dataset/0/0_462.wav,0
/Users/trinity/Python3/snoresense/dataset/0/0_304.wav,0
/Users/trinity/Python3/snoresense/dataset/0/0_338.wav,0
/Users/trinity/Python3/snoresense/dataset/0/0_93.wav,0
/Users/trinity/Python3/snoresense/dataset/0/0_87.wav,0
/Users/trinity/Python3/snoresense/dataset/0/0_264.wav,0
/Users/trinity/Python3/snoresense/dataset/0/0_50.wav,0
/Users/trinity/Python3/snoresense/dataset/0/0_44.wav,0
/Users/trinity/Python3/snoresense/dataset/0/0_270.wav,0
/Users/trinity/Python3/snoresense/dataset/0/0_258.wav,0
/Users/trinity/Python3/snoresense/dataset/0/0_78.wav,0
/Users/trinity/Python3/snoresense/dataset/0/0_52.wav,0
/Users/trinity/Python3/snoresense/dataset/0/0_266.wav,0
/Users/trinity/Python3/snoresense/dataset/0/0_272.wav,0
/Users/trinity/Python3/snoresense/dataset/0/0_46.wav,0
/Users/trinity/Python3/snoresense/dataset/0/0_299.wav,0
/Users/trinity/Python3/snoresense/dataset/0/0_91.wav,0
/Users/trinity/Python3/snoresense/dataset/0/0_85.wav,0
/Users/trinity/Python3/snoresense/dataset/0/0_448.wav,0
/Users/trinity/Python3/snoresense/dataset/0/0_474.wav,0
/Users/trinity/Python3/snoresense/dataset/0/0_312.wav,0
/Users/trinity/Python3/snoresense/dataset/0/0_306.wav,0
/Users/trinity/Python3/snoresense/dataset/0/0_460.wav,0
/Users/trinity/Python3/snoresense/dataset/0/0_138.wav,0
/Users/trinity/Python3/snoresense/dataset/0/0_110.wav,0
/Users/trinity/Python3/snoresense/dataset/0/0_104.wav,0
/Users/trinity/Python3/snoresense/dataset/0/0_105.wav,0
/Users/trinity/Python3/snoresense/dataset/0/0_111.wav,0
/Users/trinity/Python3/snoresense/dataset/0/0_139.wav,0
/Users/trinity/Python3/snoresense/dataset/0/0_307.wav,0
/Users/trinity/Python3/snoresense/dataset/0/0_461.wav,0
/Users/trinity/Python3/snoresense/dataset/0/0_475.wav,0
/Users/trinity/Python3/snoresense/dataset/0/0_313.wav,0
/Users/trinity/Python3/snoresense/dataset/0/0_449.wav,0
/Users/trinity/Python3/snoresense/dataset/0/0_84.wav,0
/Users/trinity/Python3/snoresense/dataset/0/0_90.wav,0
/Users/trinity/Python3/snoresense/dataset/0/0_298.wav,0
/Users/trinity/Python3/snoresense/dataset/0/0_273.wav,0
/Users/trinity/Python3/snoresense/dataset/0/0_47.wav,0
/Users/trinity/Python3/snoresense/dataset/0/0_53.wav,0
/Users/trinity/Python3/snoresense/dataset/0/0_267.wav,0
/Users/trinity/Python3/snoresense/dataset/0/0_263.wav,0
/Users/trinity/Python3/snoresense/dataset/0/0_57.wav,0
/Users/trinity/Python3/snoresense/dataset/0/0_43.wav,0
/Users/trinity/Python3/snoresense/dataset/0/0_277.wav,0
/Users/trinity/Python3/snoresense/dataset/0/0_94.wav,0
/Users/trinity/Python3/snoresense/dataset/0/0_80.wav,0
/Users/trinity/Python3/snoresense/dataset/0/0_288.wav,0
/Users/trinity/Python3/snoresense/dataset/0/0_317.wav,0
/Users/trinity/Python3/snoresense/dataset/0/0_471.wav,0
/Users/trinity/Python3/snoresense/dataset/0/0_465.wav,0
/Users/trinity/Python3/snoresense/dataset/0/0_303.wav,0
/Users/trinity/Python3/snoresense/dataset/0/0_459.wav,0
/Users/trinity/Python3/snoresense/dataset/0/0_115.wav,0
/Users/trinity/Python3/snoresense/dataset/0/0_101.wav,0
/Users/trinity/Python3/snoresense/dataset/0/0_129.wav,0
/Users/trinity/Python3/snoresense/dataset/0/0_128.wav,0
/Users/trinity/Python3/snoresense/dataset/0/0_100.wav,0
/Users/trinity/Python3/snoresense/dataset/0/0_114.wav,0
/Users/trinity/Python3/snoresense/dataset/0/0_458.wav,0
/Users/trinity/Python3/snoresense/dataset/0/0_464.wav,0
/Users/trinity/Python3/snoresense/dataset/0/0_302.wav,0
/Users/trinity/Python3/snoresense/dataset/0/0_316.wav,0
/Users/trinity/Python3/snoresense/dataset/0/0_470.wav,0
/Users/trinity/Python3/snoresense/dataset/0/0_289.wav,0
/Users/trinity/Python3/snoresense/dataset/0/0_81.wav,0
/Users/trinity/Python3/snoresense/dataset/0/0_95.wav,0
/Users/trinity/Python3/snoresense/dataset/0/0_42.wav,0
/Users/trinity/Python3/snoresense/dataset/0/0_276.wav,0
/Users/trinity/Python3/snoresense/dataset/0/0_262.wav,0
/Users/trinity/Python3/snoresense/dataset/0/0_56.wav,0
/Users/trinity/Python3/snoresense/dataset/0/0_274.wav,0
/Users/trinity/Python3/snoresense/dataset/0/0_40.wav,0
/Users/trinity/Python3/snoresense/dataset/0/0_54.wav,0
/Users/trinity/Python3/snoresense/dataset/0/0_260.wav,0
/Users/trinity/Python3/snoresense/dataset/0/0_248.wav,0
/Users/trinity/Python3/snoresense/dataset/0/0_68.wav,0
/Users/trinity/Python3/snoresense/dataset/0/0_83.wav,0
/Users/trinity/Python3/snoresense/dataset/0/0_97.wav,0
/Users/trinity/Python3/snoresense/dataset/0/0_300.wav,0
/Users/trinity/Python3/snoresense/dataset/0/0_466.wav,0
/Users/trinity/Python3/snoresense/dataset/0/0_472.wav,0
/Users/trinity/Python3/snoresense/dataset/0/0_314.wav,0
/Users/trinity/Python3/snoresense/dataset/0/0_328.wav,0
/Users/trinity/Python3/snoresense/dataset/0/0_499.wav,0
/Users/trinity/Python3/snoresense/dataset/0/0_102.wav,0
/Users/trinity/Python3/snoresense/dataset/0/0_116.wav,0
/Users/trinity/Python3/snoresense/dataset/0/0_117.wav,0
/Users/trinity/Python3/snoresense/dataset/0/0_103.wav,0
/Users/trinity/Python3/snoresense/dataset/0/0_498.wav,0
/Users/trinity/Python3/snoresense/dataset/0/0_329.wav,0
/Users/trinity/Python3/snoresense/dataset/0/0_473.wav,0
/Users/trinity/Python3/snoresense/dataset/0/0_315.wav,0
/Users/trinity/Python3/snoresense/dataset/0/0_301.wav,0
/Users/trinity/Python3/snoresense/dataset/0/0_467.wav,0
/Users/trinity/Python3/snoresense/dataset/0/0_96.wav,0
/Users/trinity/Python3/snoresense/dataset/0/0_82.wav,0
/Users/trinity/Python3/snoresense/dataset/0/0_69.wav,0
/Users/trinity/Python3/snoresense/dataset/0/0_249.wav,0
/Users/trinity/Python3/snoresense/dataset/0/0_55.wav,0
/Users/trinity/Python3/snoresense/dataset/0/0_261.wav,0
/Users/trinity/Python3/snoresense/dataset/0/0_275.wav,0
/Users/trinity/Python3/snoresense/dataset/0/0_41.wav,0
/Users/trinity/Python3/snoresense/dataset/0/0_212.wav,0
/Users/trinity/Python3/snoresense/dataset/0/0_26.wav,0
/Users/trinity/Python3/snoresense/dataset/0/0_32.wav,0
/Users/trinity/Python3/snoresense/dataset/0/0_206.wav,0
/Users/trinity/Python3/snoresense/dataset/0/0_428.wav,0
/Users/trinity/Python3/snoresense/dataset/0/0_366.wav,0
/Users/trinity/Python3/snoresense/dataset/0/0_400.wav,0
/Users/trinity/Python3/snoresense/dataset/0/0_414.wav,0
/Users/trinity/Python3/snoresense/dataset/0/0_372.wav,0
/Users/trinity/Python3/snoresense/dataset/0/0_399.wav,0
/Users/trinity/Python3/snoresense/dataset/0/0_158.wav,0
/Users/trinity/Python3/snoresense/dataset/0/0_164.wav,0
/Users/trinity/Python3/snoresense/dataset/0/0_170.wav,0
/Users/trinity/Python3/snoresense/dataset/0/0_171.wav,0
/Users/trinity/Python3/snoresense/dataset/0/0_165.wav,0
/Users/trinity/Python3/snoresense/dataset/0/0_159.wav,0
/Users/trinity/Python3/snoresense/dataset/0/0_398.wav,0
/Users/trinity/Python3/snoresense/dataset/0/0_415.wav,0
/Users/trinity/Python3/snoresense/dataset/0/0_373.wav,0
/Users/trinity/Python3/snoresense/dataset/0/0_367.wav,0
/Users/trinity/Python3/snoresense/dataset/0/0_401.wav,0
/Users/trinity/Python3/snoresense/dataset/0/0_429.wav,0
/Users/trinity/Python3/snoresense/dataset/0/0_33.wav,0
/Users/trinity/Python3/snoresense/dataset/0/0_207.wav,0
/Users/trinity/Python3/snoresense/dataset/0/0_213.wav,0
/Users/trinity/Python3/snoresense/dataset/0/0_27.wav,0
/Users/trinity/Python3/snoresense/dataset/0/0_239.wav,0
/Users/trinity/Python3/snoresense/dataset/0/0_19.wav,0
/Users/trinity/Python3/snoresense/dataset/0/0_205.wav,0
/Users/trinity/Python3/snoresense/dataset/0/0_31.wav,0
/Users/trinity/Python3/snoresense/dataset/0/0_25.wav,0
/Users/trinity/Python3/snoresense/dataset/0/0_211.wav,0
/Users/trinity/Python3/snoresense/dataset/0/0_359.wav,0
/Users/trinity/Python3/snoresense/dataset/0/0_371.wav,0
/Users/trinity/Python3/snoresense/dataset/0/0_417.wav,0
/Users/trinity/Python3/snoresense/dataset/0/0_403.wav,0
/Users/trinity/Python3/snoresense/dataset/0/0_365.wav,0
/Users/trinity/Python3/snoresense/dataset/0/0_173.wav,0
/Users/trinity/Python3/snoresense/dataset/0/0_167.wav,0
/Users/trinity/Python3/snoresense/dataset/0/0_198.wav,0
/Users/trinity/Python3/snoresense/dataset/0/0_8.wav,0
/Users/trinity/Python3/snoresense/dataset/0/0_199.wav,0
/Users/trinity/Python3/snoresense/dataset/0/0_9.wav,0
/Users/trinity/Python3/snoresense/dataset/0/0_166.wav,0
/Users/trinity/Python3/snoresense/dataset/0/0_172.wav,0
/Users/trinity/Python3/snoresense/dataset/0/0_402.wav,0
/Users/trinity/Python3/snoresense/dataset/0/0_364.wav,0
/Users/trinity/Python3/snoresense/dataset/0/0_370.wav,0
/Users/trinity/Python3/snoresense/dataset/0/0_416.wav,0
/Users/trinity/Python3/snoresense/dataset/0/0_358.wav,0
/Users/trinity/Python3/snoresense/dataset/0/0_24.wav,0
/Users/trinity/Python3/snoresense/dataset/0/0_210.wav,0
/Users/trinity/Python3/snoresense/dataset/0/0_204.wav,0
/Users/trinity/Python3/snoresense/dataset/0/0_30.wav,0
/Users/trinity/Python3/snoresense/dataset/0/0_18.wav,0
/Users/trinity/Python3/snoresense/dataset/0/0_238.wav,0
/Users/trinity/Python3/snoresense/dataset/0/0_34.wav,0
/Users/trinity/Python3/snoresense/dataset/0/0_200.wav,0
/Users/trinity/Python3/snoresense/dataset/0/0_214.wav,0
/Users/trinity/Python3/snoresense/dataset/0/0_20.wav,0
/Users/trinity/Python3/snoresense/dataset/0/0_228.wav,0
/Users/trinity/Python3/snoresense/dataset/0/0_412.wav,0
/Users/trinity/Python3/snoresense/dataset/0/0_374.wav,0
/Users/trinity/Python3/snoresense/dataset/0/0_360.wav,0
/Users/trinity/Python3/snoresense/dataset/0/0_406.wav,0
/Users/trinity/Python3/snoresense/dataset/0/0_348.wav,0
/Users/trinity/Python3/snoresense/dataset/0/0_176.wav,0
/Users/trinity/Python3/snoresense/dataset/0/0_162.wav,0
/Users/trinity/Python3/snoresense/dataset/0/0_189.wav,0
/Users/trinity/Python3/snoresense/dataset/0/0_188.wav,0
/Users/trinity/Python3/snoresense/dataset/0/0_163.wav,0
/Users/trinity/Python3/snoresense/dataset/0/0_177.wav,0
/Users/trinity/Python3/snoresense/dataset/0/0_349.wav,0
/Users/trinity/Python3/snoresense/dataset/0/0_361.wav,0
/Users/trinity/Python3/snoresense/dataset/0/0_407.wav,0
/Users/trinity/Python3/snoresense/dataset/0/0_413.wav,0
/Users/trinity/Python3/snoresense/dataset/0/0_375.wav,0
/Users/trinity/Python3/snoresense/dataset/0/0_229.wav,0
/Users/trinity/Python3/snoresense/dataset/0/0_215.wav,0
/Users/trinity/Python3/snoresense/dataset/0/0_21.wav,0
/Users/trinity/Python3/snoresense/dataset/0/0_35.wav,0
/Users/trinity/Python3/snoresense/dataset/0/0_201.wav,0
/Users/trinity/Python3/snoresense/dataset/0/0_23.wav,0
/Users/trinity/Python3/snoresense/dataset/0/0_217.wav,0
/Users/trinity/Python3/snoresense/dataset/0/0_203.wav,0
/Users/trinity/Python3/snoresense/dataset/0/0_37.wav,0
/Users/trinity/Python3/snoresense/dataset/0/0_405.wav,0
/Users/trinity/Python3/snoresense/dataset/0/0_363.wav,0
/Users/trinity/Python3/snoresense/dataset/0/0_377.wav,0
/Users/trinity/Python3/snoresense/dataset/0/0_411.wav,0
/Users/trinity/Python3/snoresense/dataset/0/0_439.wav,0
/Users/trinity/Python3/snoresense/dataset/0/0_388.wav,0
/Users/trinity/Python3/snoresense/dataset/0/0_161.wav,0
/Users/trinity/Python3/snoresense/dataset/0/0_175.wav,0
/Users/trinity/Python3/snoresense/dataset/0/0_149.wav,0
/Users/trinity/Python3/snoresense/dataset/0/0_148.wav,0
/Users/trinity/Python3/snoresense/dataset/0/0_174.wav,0
/Users/trinity/Python3/snoresense/dataset/0/0_160.wav,0
/Users/trinity/Python3/snoresense/dataset/0/0_389.wav,0
/Users/trinity/Python3/snoresense/dataset/0/0_438.wav,0
/Users/trinity/Python3/snoresense/dataset/0/0_376.wav,0
/Users/trinity/Python3/snoresense/dataset/0/0_410.wav,0
/Users/trinity/Python3/snoresense/dataset/0/0_404.wav,0
/Users/trinity/Python3/snoresense/dataset/0/0_362.wav,0
/Users/trinity/Python3/snoresense/dataset/0/0_202.wav,0
/Users/trinity/Python3/snoresense/dataset/0/0_36.wav,0
/Users/trinity/Python3/snoresense/dataset/0/0_22.wav,0
/Users/trinity/Python3/snoresense/dataset/0/0_216.wav,0
/Users/trinity/Python3/snoresense/dataset/0/0_233.wav,0
/Users/trinity/Python3/snoresense/dataset/0/0_13.wav,0
/Users/trinity/Python3/snoresense/dataset/0/0_227.wav,0
/Users/trinity/Python3/snoresense/dataset/0/0_409.wav,0
/Users/trinity/Python3/snoresense/dataset/0/0_347.wav,0
/Users/trinity/Python3/snoresense/dataset/0/0_421.wav,0
/Users/trinity/Python3/snoresense/dataset/0/0_435.wav,0
/Users/trinity/Python3/snoresense/dataset/0/0_353.wav,0
/Users/trinity/Python3/snoresense/dataset/0/0_384.wav,0
/Users/trinity/Python3/snoresense/dataset/0/0_390.wav,0
/Users/trinity/Python3/snoresense/dataset/0/0_179.wav,0
/Users/trinity/Python3/snoresense/dataset/0/0_145.wav,0
/Users/trinity/Python3/snoresense/dataset/0/0_151.wav,0
/Users/trinity/Python3/snoresense/dataset/0/0_186.wav,0
/Users/trinity/Python3/snoresense/dataset/0/0_192.wav,0
/Users/trinity/Python3/snoresense/dataset/0/0_2.wav,0
/Users/trinity/Python3/snoresense/dataset/0/0_193.wav,0
/Users/trinity/Python3/snoresense/dataset/0/0_3.wav,0
/Users/trinity/Python3/snoresense/dataset/0/0_187.wav,0
/Users/trinity/Python3/snoresense/dataset/0/0_150.wav,0
/Users/trinity/Python3/snoresense/dataset/0/0_144.wav,0
/Users/trinity/Python3/snoresense/dataset/0/0_178.wav,0
/Users/trinity/Python3/snoresense/dataset/0/0_391.wav,0
/Users/trinity/Python3/snoresense/dataset/0/0_385.wav,0
/Users/trinity/Python3/snoresense/dataset/0/0_434.wav,0
/Users/trinity/Python3/snoresense/dataset/0/0_352.wav,0
/Users/trinity/Python3/snoresense/dataset/0/0_346.wav,0
/Users/trinity/Python3/snoresense/dataset/0/0_420.wav,0
/Users/trinity/Python3/snoresense/dataset/0/0_408.wav,0
/Users/trinity/Python3/snoresense/dataset/0/0_12.wav,0
/Users/trinity/Python3/snoresense/dataset/0/0_226.wav,0
/Users/trinity/Python3/snoresense/dataset/0/0_232.wav,0
/Users/trinity/Python3/snoresense/dataset/0/0_218.wav,0
/Users/trinity/Python3/snoresense/dataset/0/0_38.wav,0
/Users/trinity/Python3/snoresense/dataset/0/0_224.wav,0
/Users/trinity/Python3/snoresense/dataset/0/0_10.wav,0
/Users/trinity/Python3/snoresense/dataset/0/0_230.wav,0
/Users/trinity/Python3/snoresense/dataset/0/0_378.wav,0
/Users/trinity/Python3/snoresense/dataset/0/0_350.wav,0
/Users/trinity/Python3/snoresense/dataset/0/0_436.wav,0
/Users/trinity/Python3/snoresense/dataset/0/0_422.wav,0
/Users/trinity/Python3/snoresense/dataset/0/0_344.wav,0
/Users/trinity/Python3/snoresense/dataset/0/0_393.wav,0
/Users/trinity/Python3/snoresense/dataset/0/0_387.wav,0
/Users/trinity/Python3/snoresense/dataset/0/0_152.wav,0
/Users/trinity/Python3/snoresense/dataset/0/0_146.wav,0
/Users/trinity/Python3/snoresense/dataset/0/0_1.wav,0
/Users/trinity/Python3/snoresense/dataset/0/0_191.wav,0
/Users/trinity/Python3/snoresense/dataset/0/0_185.wav,0
/Users/trinity/Python3/snoresense/dataset/0/0_184.wav,0
/Users/trinity/Python3/snoresense/dataset/0/0_0.wav,0
/Users/trinity/Python3/snoresense/dataset/0/0_190.wav,0
/Users/trinity/Python3/snoresense/dataset/0/0_147.wav,0
/Users/trinity/Python3/snoresense/dataset/0/0_153.wav,0
/Users/trinity/Python3/snoresense/dataset/0/0_386.wav,0
/Users/trinity/Python3/snoresense/dataset/0/0_392.wav,0
/Users/trinity/Python3/snoresense/dataset/0/0_423.wav,0
/Users/trinity/Python3/snoresense/dataset/0/0_345.wav,0
/Users/trinity/Python3/snoresense/dataset/0/0_351.wav,0
/Users/trinity/Python3/snoresense/dataset/0/0_437.wav,0
/Users/trinity/Python3/snoresense/dataset/0/0_379.wav,0
/Users/trinity/Python3/snoresense/dataset/0/0_231.wav,0
/Users/trinity/Python3/snoresense/dataset/0/0_225.wav,0
/Users/trinity/Python3/snoresense/dataset/0/0_11.wav,0
/Users/trinity/Python3/snoresense/dataset/0/0_39.wav,0
/Users/trinity/Python3/snoresense/dataset/0/0_219.wav,0
/Users/trinity/Python3/snoresense/dataset/0/0_15.wav,0
/Users/trinity/Python3/snoresense/dataset/0/0_221.wav,0
/Users/trinity/Python3/snoresense/dataset/0/0_235.wav,0
/Users/trinity/Python3/snoresense/dataset/0/0_29.wav,0
/Users/trinity/Python3/snoresense/dataset/0/0_209.wav,0
/Users/trinity/Python3/snoresense/dataset/0/0_433.wav,0
/Users/trinity/Python3/snoresense/dataset/0/0_355.wav,0
/Users/trinity/Python3/snoresense/dataset/0/0_341.wav,0
/Users/trinity/Python3/snoresense/dataset/0/0_427.wav,0
/Users/trinity/Python3/snoresense/dataset/0/0_369.wav,0
/Users/trinity/Python3/snoresense/dataset/0/0_396.wav,0
/Users/trinity/Python3/snoresense/dataset/0/0_382.wav,0
/Users/trinity/Python3/snoresense/dataset/0/0_157.wav,0
/Users/trinity/Python3/snoresense/dataset/0/0_143.wav,0
/Users/trinity/Python3/snoresense/dataset/0/0_194.wav,0
/Users/trinity/Python3/snoresense/dataset/0/0_4.wav,0
/Users/trinity/Python3/snoresense/dataset/0/0_180.wav,0
/Users/trinity/Python3/snoresense/dataset/0/0_181.wav,0
/Users/trinity/Python3/snoresense/dataset/0/0_195.wav,0
/Users/trinity/Python3/snoresense/dataset/0/0_5.wav,0
/Users/trinity/Python3/snoresense/dataset/0/0_142.wav,0
/Users/trinity/Python3/snoresense/dataset/0/0_156.wav,0
/Users/trinity/Python3/snoresense/dataset/0/0_383.wav,0
/Users/trinity/Python3/snoresense/dataset/0/0_397.wav,0
/Users/trinity/Python3/snoresense/dataset/0/0_368.wav,0
/Users/trinity/Python3/snoresense/dataset/0/0_340.wav,0
/Users/trinity/Python3/snoresense/dataset/0/0_426.wav,0
/Users/trinity/Python3/snoresense/dataset/0/0_432.wav,0
/Users/trinity/Python3/snoresense/dataset/0/0_354.wav,0
/Users/trinity/Python3/snoresense/dataset/0/0_208.wav,0
/Users/trinity/Python3/snoresense/dataset/0/0_28.wav,0
/Users/trinity/Python3/snoresense/dataset/0/0_234.wav,0
/Users/trinity/Python3/snoresense/dataset/0/0_14.wav,0
/Users/trinity/Python3/snoresense/dataset/0/0_220.wav,0
/Users/trinity/Python3/snoresense/dataset/0/0_236.wav,0
/Users/trinity/Python3/snoresense/dataset/0/0_222.wav,0
/Users/trinity/Python3/snoresense/dataset/0/0_16.wav,0
/Users/trinity/Python3/snoresense/dataset/0/0_424.wav,0
/Users/trinity/Python3/snoresense/dataset/0/0_342.wav,0
/Users/trinity/Python3/snoresense/dataset/0/0_356.wav,0
/Users/trinity/Python3/snoresense/dataset/0/0_430.wav,0
/Users/trinity/Python3/snoresense/dataset/0/0_418.wav,0
/Users/trinity/Python3/snoresense/dataset/0/0_381.wav,0
/Users/trinity/Python3/snoresense/dataset/0/0_395.wav,0
/Users/trinity/Python3/snoresense/dataset/0/0_140.wav,0
/Users/trinity/Python3/snoresense/dataset/0/0_154.wav,0
/Users/trinity/Python3/snoresense/dataset/0/0_168.wav,0
/Users/trinity/Python3/snoresense/dataset/0/0_183.wav,0
/Users/trinity/Python3/snoresense/dataset/0/0_7.wav,0
/Users/trinity/Python3/snoresense/dataset/0/0_197.wav,0
/Users/trinity/Python3/snoresense/dataset/0/0_6.wav,0
/Users/trinity/Python3/snoresense/dataset/0/0_196.wav,0
/Users/trinity/Python3/snoresense/dataset/0/0_182.wav,0
/Users/trinity/Python3/snoresense/dataset/0/0_169.wav,0
/Users/trinity/Python3/snoresense/dataset/0/0_155.wav,0
/Users/trinity/Python3/snoresense/dataset/0/0_141.wav,0
/Users/trinity/Python3/snoresense/dataset/0/0_394.wav,0
/Users/trinity/Python3/snoresense/dataset/0/0_380.wav,0
/Users/trinity/Python3/snoresense/dataset/0/0_419.wav,0
/Users/trinity/Python3/snoresense/dataset/0/0_357.wav,0
/Users/trinity/Python3/snoresense/dataset/0/0_431.wav,0
/Users/trinity/Python3/snoresense/dataset/0/0_425.wav,0
/Users/trinity/Python3/snoresense/dataset/0/0_343.wav,0
/Users/trinity/Python3/snoresense/dataset/0/0_223.wav,0
/Users/trinity/Python3/snoresense/dataset/0/0_17.wav,0
/Users/trinity/Python3/snoresense/dataset/0/0_237.wav,0
/Users/trinity/Python3/snoresense/dataset/0/0_58.wav,0
/Users/trinity/Python3/snoresense/dataset/0/0_278.wav,0
/Users/trinity/Python3/snoresense/dataset/0/0_64.wav,0
/Users/trinity/Python3/snoresense/dataset/0/0_250.wav,0
/Users/trinity/Python3/snoresense/dataset/0/0_244.wav,0
/Users/trinity/Python3/snoresense/dataset/0/0_70.wav,0
/Users/trinity/Python3/snoresense/dataset/0/0_293.wav,0
/Users/trinity/Python3/snoresense/dataset/0/0_287.wav,0
/Users/trinity/Python3/snoresense/dataset/0/0_318.wav,0
/Users/trinity/Python3/snoresense/dataset/0/0_442.wav,0
/Users/trinity/Python3/snoresense/dataset/0/0_324.wav,0
/Users/trinity/Python3/snoresense/dataset/0/0_330.wav,0
/Users/trinity/Python3/snoresense/dataset/0/0_456.wav,0
/Users/trinity/Python3/snoresense/dataset/0/0_481.wav,0
/Users/trinity/Python3/snoresense/dataset/0/0_495.wav,0
/Users/trinity/Python3/snoresense/dataset/0/0_126.wav,0
/Users/trinity/Python3/snoresense/dataset/0/0_132.wav,0
/Users/trinity/Python3/snoresense/dataset/0/0_133.wav,0
/Users/trinity/Python3/snoresense/dataset/0/0_127.wav,0
/Users/trinity/Python3/snoresense/dataset/0/0_494.wav,0
/Users/trinity/Python3/snoresense/dataset/0/0_480.wav,0
/Users/trinity/Python3/snoresense/dataset/0/0_331.wav,0
/Users/trinity/Python3/snoresense/dataset/0/0_457.wav,0
/Users/trinity/Python3/snoresense/dataset/0/0_443.wav,0
/Users/trinity/Python3/snoresense/dataset/0/0_325.wav,0
/Users/trinity/Python3/snoresense/dataset/0/0_319.wav,0
/Users/trinity/Python3/snoresense/dataset/0/0_286.wav,0
/Users/trinity/Python3/snoresense/dataset/0/0_292.wav,0
/Users/trinity/Python3/snoresense/dataset/0/0_245.wav,0
/Users/trinity/Python3/snoresense/dataset/0/0_71.wav,0
/Users/trinity/Python3/snoresense/dataset/0/0_65.wav,0
/Users/trinity/Python3/snoresense/dataset/0/0_251.wav,0
/Users/trinity/Python3/snoresense/dataset/0/0_279.wav,0
/Users/trinity/Python3/snoresense/dataset/0/0_59.wav,0
/Users/trinity/Python3/snoresense/dataset/0/0_73.wav,0
/Users/trinity/Python3/snoresense/dataset/0/0_247.wav,0
/Users/trinity/Python3/snoresense/dataset/0/0_253.wav,0
/Users/trinity/Python3/snoresense/dataset/0/0_67.wav,0
/Users/trinity/Python3/snoresense/dataset/0/0_98.wav,0
/Users/trinity/Python3/snoresense/dataset/0/0_284.wav,0
/Users/trinity/Python3/snoresense/dataset/0/0_290.wav,0
/Users/trinity/Python3/snoresense/dataset/0/0_469.wav,0
/Users/trinity/Python3/snoresense/dataset/0/0_455.wav,0
/Users/trinity/Python3/snoresense/dataset/0/0_333.wav,0
/Users/trinity/Python3/snoresense/dataset/0/0_327.wav,0
/Users/trinity/Python3/snoresense/dataset/0/0_441.wav,0
/Users/trinity/Python3/snoresense/dataset/0/0_496.wav,0
/Users/trinity/Python3/snoresense/dataset/0/0_482.wav,0
/Users/trinity/Python3/snoresense/dataset/0/0_119.wav,0
/Users/trinity/Python3/snoresense/dataset/0/0_131.wav,0
/Users/trinity/Python3/snoresense/dataset/0/0_125.wav,0
/Users/trinity/Python3/snoresense/dataset/0/0_124.wav,0
/Users/trinity/Python3/snoresense/dataset/0/0_130.wav,0
/Users/trinity/Python3/snoresense/dataset/0/0_118.wav,0
/Users/trinity/Python3/snoresense/dataset/0/0_483.wav,0
/Users/trinity/Python3/snoresense/dataset/0/0_497.wav,0
/Users/trinity/Python3/snoresense/dataset/0/0_326.wav,0
/Users/trinity/Python3/snoresense/dataset/0/0_440.wav,0
/Users/trinity/Python3/snoresense/dataset/0/0_454.wav,0
/Users/trinity/Python3/snoresense/dataset/0/0_332.wav,0
/Users/trinity/Python3/snoresense/dataset/0/0_468.wav,0
/Users/trinity/Python3/snoresense/dataset/0/0_291.wav,0
/Users/trinity/Python3/snoresense/dataset/0/0_285.wav,0
/Users/trinity/Python3/snoresense/dataset/0/0_99.wav,0
/Users/trinity/Python3/snoresense/dataset/0/0_252.wav,0
/Users/trinity/Python3/snoresense/dataset/0/0_66.wav,0
/Users/trinity/Python3/snoresense/dataset/0/0_72.wav,0
/Users/trinity/Python3/snoresense/dataset/0/0_246.wav,0
/Users/trinity/Python3/snoresense/dataset/0/0_242.wav,0
/Users/trinity/Python3/snoresense/dataset/0/0_76.wav,0
/Users/trinity/Python3/snoresense/dataset/0/0_62.wav,0
/Users/trinity/Python3/snoresense/dataset/0/0_256.wav,0
/Users/trinity/Python3/snoresense/dataset/0/0_281.wav,0
/Users/trinity/Python3/snoresense/dataset/0/0_295.wav,0
/Users/trinity/Python3/snoresense/dataset/0/0_89.wav,0
/Users/trinity/Python3/snoresense/dataset/0/0_336.wav,0
/Users/trinity/Python3/snoresense/dataset/0/0_450.wav,0
/Users/trinity/Python3/snoresense/dataset/0/0_444.wav,0
/Users/trinity/Python3/snoresense/dataset/0/0_322.wav,0
/Users/trinity/Python3/snoresense/dataset/0/0_478.wav,0
/Users/trinity/Python3/snoresense/dataset/0/0_493.wav,0
/Users/trinity/Python3/snoresense/dataset/0/0_487.wav,0
/Users/trinity/Python3/snoresense/dataset/0/0_134.wav,0
/Users/trinity/Python3/snoresense/dataset/0/0_120.wav,0
/Users/trinity/Python3/snoresense/dataset/0/0_108.wav,0
/Users/trinity/Python3/snoresense/dataset/0/0_109.wav,0
/Users/trinity/Python3/snoresense/dataset/0/0_121.wav,0
/Users/trinity/Python3/snoresense/dataset/0/0_135.wav,0
/Users/trinity/Python3/snoresense/dataset/0/0_486.wav,0
/Users/trinity/Python3/snoresense/dataset/0/0_492.wav,0
/Users/trinity/Python3/snoresense/dataset/0/0_479.wav,0
/Users/trinity/Python3/snoresense/dataset/0/0_445.wav,0
/Users/trinity/Python3/snoresense/dataset/0/0_323.wav,0
/Users/trinity/Python3/snoresense/dataset/0/0_337.wav,0
/Users/trinity/Python3/snoresense/dataset/0/0_451.wav,0
/Users/trinity/Python3/snoresense/dataset/0/0_88.wav,0
/Users/trinity/Python3/snoresense/dataset/0/0_294.wav,0
/Users/trinity/Python3/snoresense/dataset/0/0_280.wav,0
/Users/trinity/Python3/snoresense/dataset/0/0_63.wav,0
/Users/trinity/Python3/snoresense/dataset/0/0_257.wav,0
/Users/trinity/Python3/snoresense/dataset/0/0_243.wav,0
/Users/trinity/Python3/snoresense/dataset/0/0_77.wav,0
/Users/trinity/Python3/snoresense/dataset/0/0_255.wav,0
/Users/trinity/Python3/snoresense/dataset/0/0_61.wav,0
/Users/trinity/Python3/snoresense/dataset/0/0_75.wav,0
/Users/trinity/Python3/snoresense/dataset/0/0_241.wav,0
/Users/trinity/Python3/snoresense/dataset/0/0_269.wav,0
/Users/trinity/Python3/snoresense/dataset/0/0_49.wav,0
/Users/trinity/Python3/snoresense/dataset/0/0_296.wav,0
/Users/trinity/Python3/snoresense/dataset/0/0_282.wav,0
/Users/trinity/Python3/snoresense/dataset/0/0_321.wav,0
/Users/trinity/Python3/snoresense/dataset/0/0_447.wav,0
/Users/trinity/Python3/snoresense/dataset/0/0_453.wav,0
/Users/trinity/Python3/snoresense/dataset/0/0_335.wav,0
/Users/trinity/Python3/snoresense/dataset/0/0_309.wav,0
/Users/trinity/Python3/snoresense/dataset/0/0_484.wav,0
/Users/trinity/Python3/snoresense/dataset/0/0_490.wav,0
/Users/trinity/Python3/snoresense/dataset/0/0_123.wav,0
/Users/trinity/Python3/snoresense/dataset/0/0_137.wav,0
/Users/trinity/Python3/snoresense/dataset/0/0_136.wav,0
/Users/trinity/Python3/snoresense/dataset/0/0_122.wav,0
/Users/trinity/Python3/snoresense/dataset/0/0_491.wav,0
/Users/trinity/Python3/snoresense/dataset/0/0_485.wav,0
/Users/trinity/Python3/snoresense/dataset/0/0_308.wav,0
/Users/trinity/Python3/snoresense/dataset/0/0_452.wav,0
/Users/trinity/Python3/snoresense/dataset/0/0_334.wav,0
/Users/trinity/Python3/snoresense/dataset/0/0_320.wav,0
/Users/trinity/Python3/snoresense/dataset/0/0_446.wav,0
/Users/trinity/Python3/snoresense/dataset/0/0_283.wav,0
/Users/trinity/Python3/snoresense/dataset/0/0_297.wav,0
/Users/trinity/Python3/snoresense/dataset/0/0_48.wav,0
/Users/trinity/Python3/snoresense/dataset/0/0_268.wav,0
/Users/trinity/Python3/snoresense/dataset/0/0_74.wav,0
/Users/trinity/Python3/snoresense/dataset/0/0_240.wav,0
/Users/trinity/Python3/snoresense/dataset/0/0_254.wav,0
/Users/trinity/Python3/snoresense/dataset/0/0_60.wav,0
/Users/trinity/Python3/snoresense/dataset/1/1_248.wav,1
/Users/trinity/Python3/snoresense/dataset/1/1_260.wav,1
/Users/trinity/Python3/snoresense/dataset/1/1_274.wav,1
/Users/trinity/Python3/snoresense/dataset/1/1_8.wav,1
/Users/trinity/Python3/snoresense/dataset/1/1_116.wav,1
/Users/trinity/Python3/snoresense/dataset/1/1_102.wav,1
/Users/trinity/Python3/snoresense/dataset/1/1_328.wav,1
/Users/trinity/Python3/snoresense/dataset/1/1_11.wav,1
/Users/trinity/Python3/snoresense/dataset/1/1_314.wav,1
/Users/trinity/Python3/snoresense/dataset/1/1_472.wav,1
/Users/trinity/Python3/snoresense/dataset/1/1_39.wav,1
/Users/trinity/Python3/snoresense/dataset/1/1_466.wav,1
/Users/trinity/Python3/snoresense/dataset/1/1_300.wav,1
/Users/trinity/Python3/snoresense/dataset/1/1_499.wav,1
/Users/trinity/Python3/snoresense/dataset/1/1_498.wav,1
/Users/trinity/Python3/snoresense/dataset/1/1_467.wav,1
/Users/trinity/Python3/snoresense/dataset/1/1_38.wav,1
/Users/trinity/Python3/snoresense/dataset/1/1_301.wav,1
/Users/trinity/Python3/snoresense/dataset/1/1_315.wav,1
/Users/trinity/Python3/snoresense/dataset/1/1_473.wav,1
/Users/trinity/Python3/snoresense/dataset/1/1_329.wav,1
/Users/trinity/Python3/snoresense/dataset/1/1_10.wav,1
/Users/trinity/Python3/snoresense/dataset/1/1_103.wav,1
/Users/trinity/Python3/snoresense/dataset/1/1_117.wav,1
/Users/trinity/Python3/snoresense/dataset/1/1_9.wav,1
/Users/trinity/Python3/snoresense/dataset/1/1_275.wav,1
/Users/trinity/Python3/snoresense/dataset/1/1_261.wav,1
/Users/trinity/Python3/snoresense/dataset/1/1_249.wav,1
/Users/trinity/Python3/snoresense/dataset/1/1_277.wav,1
/Users/trinity/Python3/snoresense/dataset/1/1_263.wav,1
/Users/trinity/Python3/snoresense/dataset/1/1_288.wav,1
/Users/trinity/Python3/snoresense/dataset/1/1_129.wav,1
/Users/trinity/Python3/snoresense/dataset/1/1_101.wav,1
/Users/trinity/Python3/snoresense/dataset/1/1_115.wav,1
/Users/trinity/Python3/snoresense/dataset/1/1_459.wav,1
/Users/trinity/Python3/snoresense/dataset/1/1_12.wav,1
/Users/trinity/Python3/snoresense/dataset/1/1_303.wav,1
/Users/trinity/Python3/snoresense/dataset/1/1_465.wav,1
/Users/trinity/Python3/snoresense/dataset/1/1_471.wav,1
/Users/trinity/Python3/snoresense/dataset/1/1_317.wav,1
/Users/trinity/Python3/snoresense/dataset/1/1_470.wav,1
/Users/trinity/Python3/snoresense/dataset/1/1_316.wav,1
/Users/trinity/Python3/snoresense/dataset/1/1_302.wav,1
/Users/trinity/Python3/snoresense/dataset/1/1_464.wav,1
/Users/trinity/Python3/snoresense/dataset/1/1_13.wav,1
/Users/trinity/Python3/snoresense/dataset/1/1_458.wav,1
/Users/trinity/Python3/snoresense/dataset/1/1_114.wav,1
/Users/trinity/Python3/snoresense/dataset/1/1_100.wav,1
/Users/trinity/Python3/snoresense/dataset/1/1_128.wav,1
/Users/trinity/Python3/snoresense/dataset/1/1_289.wav,1
/Users/trinity/Python3/snoresense/dataset/1/1_262.wav,1
/Users/trinity/Python3/snoresense/dataset/1/1_276.wav,1
/Users/trinity/Python3/snoresense/dataset/1/1_272.wav,1
/Users/trinity/Python3/snoresense/dataset/1/1_266.wav,1
/Users/trinity/Python3/snoresense/dataset/1/1_299.wav,1
/Users/trinity/Python3/snoresense/dataset/1/1_104.wav,1
/Users/trinity/Python3/snoresense/dataset/1/1_110.wav,1
/Users/trinity/Python3/snoresense/dataset/1/1_138.wav,1
/Users/trinity/Python3/snoresense/dataset/1/1_460.wav,1
/Users/trinity/Python3/snoresense/dataset/1/1_306.wav,1
/Users/trinity/Python3/snoresense/dataset/1/1_312.wav,1
/Users/trinity/Python3/snoresense/dataset/1/1_474.wav,1
/Users/trinity/Python3/snoresense/dataset/1/1_17.wav,1
/Users/trinity/Python3/snoresense/dataset/1/1_448.wav,1
/Users/trinity/Python3/snoresense/dataset/1/1_449.wav,1
/Users/trinity/Python3/snoresense/dataset/1/1_16.wav,1
/Users/trinity/Python3/snoresense/dataset/1/1_313.wav,1
/Users/trinity/Python3/snoresense/dataset/1/1_475.wav,1
/Users/trinity/Python3/snoresense/dataset/1/1_461.wav,1
/Users/trinity/Python3/snoresense/dataset/1/1_307.wav,1
/Users/trinity/Python3/snoresense/dataset/1/1_139.wav,1
/Users/trinity/Python3/snoresense/dataset/1/1_111.wav,1
/Users/trinity/Python3/snoresense/dataset/1/1_105.wav,1
/Users/trinity/Python3/snoresense/dataset/1/1_298.wav,1
/Users/trinity/Python3/snoresense/dataset/1/1_267.wav,1
/Users/trinity/Python3/snoresense/dataset/1/1_273.wav,1
/Users/trinity/Python3/snoresense/dataset/1/1_265.wav,1
/Users/trinity/Python3/snoresense/dataset/1/1_271.wav,1
/Users/trinity/Python3/snoresense/dataset/1/1_259.wav,1
/Users/trinity/Python3/snoresense/dataset/1/1_113.wav,1
/Users/trinity/Python3/snoresense/dataset/1/1_107.wav,1
/Users/trinity/Python3/snoresense/dataset/1/1_477.wav,1
/Users/trinity/Python3/snoresense/dataset/1/1_28.wav,1
/Users/trinity/Python3/snoresense/dataset/1/1_311.wav,1
/Users/trinity/Python3/snoresense/dataset/1/1_305.wav,1
/Users/trinity/Python3/snoresense/dataset/1/1_463.wav,1
/Users/trinity/Python3/snoresense/dataset/1/1_14.wav,1
/Users/trinity/Python3/snoresense/dataset/1/1_339.wav,1
/Users/trinity/Python3/snoresense/dataset/1/1_488.wav,1
/Users/trinity/Python3/snoresense/dataset/1/1_489.wav,1
/Users/trinity/Python3/snoresense/dataset/1/1_338.wav,1
/Users/trinity/Python3/snoresense/dataset/1/1_15.wav,1
/Users/trinity/Python3/snoresense/dataset/1/1_304.wav,1
/Users/trinity/Python3/snoresense/dataset/1/1_462.wav,1
/Users/trinity/Python3/snoresense/dataset/1/1_29.wav,1
/Users/trinity/Python3/snoresense/dataset/1/1_476.wav,1
/Users/trinity/Python3/snoresense/dataset/1/1_310.wav,1
/Users/trinity/Python3/snoresense/dataset/1/1_106.wav,1
/Users/trinity/Python3/snoresense/dataset/1/1_112.wav,1
/Users/trinity/Python3/snoresense/dataset/1/1_258.wav,1
/Users/trinity/Python3/snoresense/dataset/1/1_270.wav,1
/Users/trinity/Python3/snoresense/dataset/1/1_264.wav,1
/Users/trinity/Python3/snoresense/dataset/1/1_203.wav,1
/Users/trinity/Python3/snoresense/dataset/1/1_217.wav,1
/Users/trinity/Python3/snoresense/dataset/1/1_149.wav,1
/Users/trinity/Python3/snoresense/dataset/1/1_175.wav,1
/Users/trinity/Python3/snoresense/dataset/1/1_161.wav,1
/Users/trinity/Python3/snoresense/dataset/1/1_72.wav,1
/Users/trinity/Python3/snoresense/dataset/1/1_66.wav,1
/Users/trinity/Python3/snoresense/dataset/1/1_439.wav,1
/Users/trinity/Python3/snoresense/dataset/1/1_411.wav,1
/Users/trinity/Python3/snoresense/dataset/1/1_377.wav,1
/Users/trinity/Python3/snoresense/dataset/1/1_363.wav,1
/Users/trinity/Python3/snoresense/dataset/1/1_405.wav,1
/Users/trinity/Python3/snoresense/dataset/1/1_388.wav,1
/Users/trinity/Python3/snoresense/dataset/1/1_99.wav,1
/Users/trinity/Python3/snoresense/dataset/1/1_98.wav,1
/Users/trinity/Python3/snoresense/dataset/1/1_389.wav,1
/Users/trinity/Python3/snoresense/dataset/1/1_362.wav,1
/Users/trinity/Python3/snoresense/dataset/1/1_404.wav,1
/Users/trinity/Python3/snoresense/dataset/1/1_410.wav,1
/Users/trinity/Python3/snoresense/dataset/1/1_376.wav,1
/Users/trinity/Python3/snoresense/dataset/1/1_438.wav,1
/Users/trinity/Python3/snoresense/dataset/1/1_67.wav,1
/Users/trinity/Python3/snoresense/dataset/1/1_73.wav,1
/Users/trinity/Python3/snoresense/dataset/1/1_160.wav,1
/Users/trinity/Python3/snoresense/dataset/1/1_174.wav,1
/Users/trinity/Python3/snoresense/dataset/1/1_148.wav,1
/Users/trinity/Python3/snoresense/dataset/1/1_216.wav,1
/Users/trinity/Python3/snoresense/dataset/1/1_202.wav,1
/Users/trinity/Python3/snoresense/dataset/1/1_228.wav,1
/Users/trinity/Python3/snoresense/dataset/1/1_214.wav,1
/Users/trinity/Python3/snoresense/dataset/1/1_200.wav,1
/Users/trinity/Python3/snoresense/dataset/1/1_162.wav,1
/Users/trinity/Python3/snoresense/dataset/1/1_176.wav,1
/Users/trinity/Python3/snoresense/dataset/1/1_189.wav,1
/Users/trinity/Python3/snoresense/dataset/1/1_65.wav,1
/Users/trinity/Python3/snoresense/dataset/1/1_348.wav,1
/Users/trinity/Python3/snoresense/dataset/1/1_71.wav,1
/Users/trinity/Python3/snoresense/dataset/1/1_406.wav,1
/Users/trinity/Python3/snoresense/dataset/1/1_59.wav,1
/Users/trinity/Python3/snoresense/dataset/1/1_360.wav,1
/Users/trinity/Python3/snoresense/dataset/1/1_374.wav,1
/Users/trinity/Python3/snoresense/dataset/1/1_412.wav,1
/Users/trinity/Python3/snoresense/dataset/1/1_375.wav,1
/Users/trinity/Python3/snoresense/dataset/1/1_413.wav,1
/Users/trinity/Python3/snoresense/dataset/1/1_58.wav,1
/Users/trinity/Python3/snoresense/dataset/1/1_407.wav,1
/Users/trinity/Python3/snoresense/dataset/1/1_361.wav,1
/Users/trinity/Python3/snoresense/dataset/1/1_349.wav,1
/Users/trinity/Python3/snoresense/dataset/1/1_70.wav,1
/Users/trinity/Python3/snoresense/dataset/1/1_64.wav,1
/Users/trinity/Python3/snoresense/dataset/1/1_188.wav,1
/Users/trinity/Python3/snoresense/dataset/1/1_177.wav,1
/Users/trinity/Python3/snoresense/dataset/1/1_163.wav,1
/Users/trinity/Python3/snoresense/dataset/1/1_201.wav,1
/Users/trinity/Python3/snoresense/dataset/1/1_215.wav,1
/Users/trinity/Python3/snoresense/dataset/1/1_229.wav,1
/Users/trinity/Python3/snoresense/dataset/1/1_211.wav,1
/Users/trinity/Python3/snoresense/dataset/1/1_205.wav,1
/Users/trinity/Python3/snoresense/dataset/1/1_239.wav,1
/Users/trinity/Python3/snoresense/dataset/1/1_167.wav,1
/Users/trinity/Python3/snoresense/dataset/1/1_173.wav,1
/Users/trinity/Python3/snoresense/dataset/1/1_198.wav,1
/Users/trinity/Python3/snoresense/dataset/1/1_365.wav,1
/Users/trinity/Python3/snoresense/dataset/1/1_403.wav,1
/Users/trinity/Python3/snoresense/dataset/1/1_48.wav,1
/Users/trinity/Python3/snoresense/dataset/1/1_417.wav,1
/Users/trinity/Python3/snoresense/dataset/1/1_371.wav,1
/Users/trinity/Python3/snoresense/dataset/1/1_359.wav,1
/Users/trinity/Python3/snoresense/dataset/1/1_60.wav,1
/Users/trinity/Python3/snoresense/dataset/1/1_74.wav,1
/Users/trinity/Python3/snoresense/dataset/1/1_75.wav,1
/Users/trinity/Python3/snoresense/dataset/1/1_358.wav,1
/Users/trinity/Python3/snoresense/dataset/1/1_61.wav,1
/Users/trinity/Python3/snoresense/dataset/1/1_416.wav,1
/Users/trinity/Python3/snoresense/dataset/1/1_49.wav,1
/Users/trinity/Python3/snoresense/dataset/1/1_370.wav,1
/Users/trinity/Python3/snoresense/dataset/1/1_364.wav,1
/Users/trinity/Python3/snoresense/dataset/1/1_402.wav,1
/Users/trinity/Python3/snoresense/dataset/1/1_199.wav,1
/Users/trinity/Python3/snoresense/dataset/1/1_172.wav,1
/Users/trinity/Python3/snoresense/dataset/1/1_166.wav,1
/Users/trinity/Python3/snoresense/dataset/1/1_238.wav,1
/Users/trinity/Python3/snoresense/dataset/1/1_204.wav,1
/Users/trinity/Python3/snoresense/dataset/1/1_210.wav,1
/Users/trinity/Python3/snoresense/dataset/1/1_206.wav,1
/Users/trinity/Python3/snoresense/dataset/1/1_212.wav,1
/Users/trinity/Python3/snoresense/dataset/1/1_170.wav,1
/Users/trinity/Python3/snoresense/dataset/1/1_164.wav,1
/Users/trinity/Python3/snoresense/dataset/1/1_158.wav,1
/Users/trinity/Python3/snoresense/dataset/1/1_372.wav,1
/Users/trinity/Python3/snoresense/dataset/1/1_414.wav,1
/Users/trinity/Python3/snoresense/dataset/1/1_400.wav,1
/Users/trinity/Python3/snoresense/dataset/1/1_366.wav,1
/Users/trinity/Python3/snoresense/dataset/1/1_428.wav,1
/Users/trinity/Python3/snoresense/dataset/1/1_77.wav,1
/Users/trinity/Python3/snoresense/dataset/1/1_63.wav,1
/Users/trinity/Python3/snoresense/dataset/1/1_88.wav,1
/Users/trinity/Python3/snoresense/dataset/1/1_399.wav,1
/Users/trinity/Python3/snoresense/dataset/1/1_398.wav,1
/Users/trinity/Python3/snoresense/dataset/1/1_89.wav,1
/Users/trinity/Python3/snoresense/dataset/1/1_62.wav,1
/Users/trinity/Python3/snoresense/dataset/1/1_76.wav,1
/Users/trinity/Python3/snoresense/dataset/1/1_429.wav,1
/Users/trinity/Python3/snoresense/dataset/1/1_401.wav,1
/Users/trinity/Python3/snoresense/dataset/1/1_367.wav,1
/Users/trinity/Python3/snoresense/dataset/1/1_373.wav,1
/Users/trinity/Python3/snoresense/dataset/1/1_415.wav,1
/Users/trinity/Python3/snoresense/dataset/1/1_159.wav,1
/Users/trinity/Python3/snoresense/dataset/1/1_165.wav,1
/Users/trinity/Python3/snoresense/dataset/1/1_171.wav,1
/Users/trinity/Python3/snoresense/dataset/1/1_213.wav,1
/Users/trinity/Python3/snoresense/dataset/1/1_207.wav,1
/Users/trinity/Python3/snoresense/dataset/1/1_222.wav,1
/Users/trinity/Python3/snoresense/dataset/1/1_236.wav,1
/Users/trinity/Python3/snoresense/dataset/1/1_168.wav,1
/Users/trinity/Python3/snoresense/dataset/1/1_154.wav,1
/Users/trinity/Python3/snoresense/dataset/1/1_140.wav,1
/Users/trinity/Python3/snoresense/dataset/1/1_197.wav,1
/Users/trinity/Python3/snoresense/dataset/1/1_183.wav,1
/Users/trinity/Python3/snoresense/dataset/1/1_53.wav,1
/Users/trinity/Python3/snoresense/dataset/1/1_418.wav,1
/Users/trinity/Python3/snoresense/dataset/1/1_47.wav,1
/Users/trinity/Python3/snoresense/dataset/1/1_430.wav,1
/Users/trinity/Python3/snoresense/dataset/1/1_356.wav,1
/Users/trinity/Python3/snoresense/dataset/1/1_342.wav,1
/Users/trinity/Python3/snoresense/dataset/1/1_424.wav,1
/Users/trinity/Python3/snoresense/dataset/1/1_90.wav,1
/Users/trinity/Python3/snoresense/dataset/1/1_84.wav,1
/Users/trinity/Python3/snoresense/dataset/1/1_395.wav,1
/Users/trinity/Python3/snoresense/dataset/1/1_381.wav,1
/Users/trinity/Python3/snoresense/dataset/1/1_380.wav,1
/Users/trinity/Python3/snoresense/dataset/1/1_394.wav,1
/Users/trinity/Python3/snoresense/dataset/1/1_85.wav,1
/Users/trinity/Python3/snoresense/dataset/1/1_91.wav,1
/Users/trinity/Python3/snoresense/dataset/1/1_343.wav,1
/Users/trinity/Python3/snoresense/dataset/1/1_425.wav,1
/Users/trinity/Python3/snoresense/dataset/1/1_431.wav,1
/Users/trinity/Python3/snoresense/dataset/1/1_357.wav,1
/Users/trinity/Python3/snoresense/dataset/1/1_46.wav,1
/Users/trinity/Python3/snoresense/dataset/1/1_419.wav,1
/Users/trinity/Python3/snoresense/dataset/1/1_52.wav,1
/Users/trinity/Python3/snoresense/dataset/1/1_182.wav,1
/Users/trinity/Python3/snoresense/dataset/1/1_196.wav,1
/Users/trinity/Python3/snoresense/dataset/1/1_141.wav,1
/Users/trinity/Python3/snoresense/dataset/1/1_155.wav,1
/Users/trinity/Python3/snoresense/dataset/1/1_169.wav,1
/Users/trinity/Python3/snoresense/dataset/1/1_237.wav,1
/Users/trinity/Python3/snoresense/dataset/1/1_223.wav,1
/Users/trinity/Python3/snoresense/dataset/1/1_209.wav,1
/Users/trinity/Python3/snoresense/dataset/1/1_235.wav,1
/Users/trinity/Python3/snoresense/dataset/1/1_221.wav,1
/Users/trinity/Python3/snoresense/dataset/1/1_143.wav,1
/Users/trinity/Python3/snoresense/dataset/1/1_157.wav,1
/Users/trinity/Python3/snoresense/dataset/1/1_180.wav,1
/Users/trinity/Python3/snoresense/dataset/1/1_194.wav,1
/Users/trinity/Python3/snoresense/dataset/1/1_44.wav,1
/Users/trinity/Python3/snoresense/dataset/1/1_369.wav,1
/Users/trinity/Python3/snoresense/dataset/1/1_50.wav,1
/Users/trinity/Python3/snoresense/dataset/1/1_78.wav,1
/Users/trinity/Python3/snoresense/dataset/1/1_427.wav,1
/Users/trinity/Python3/snoresense/dataset/1/1_341.wav,1
/Users/trinity/Python3/snoresense/dataset/1/1_355.wav,1
/Users/trinity/Python3/snoresense/dataset/1/1_433.wav,1
/Users/trinity/Python3/snoresense/dataset/1/1_87.wav,1
/Users/trinity/Python3/snoresense/dataset/1/1_93.wav,1
/Users/trinity/Python3/snoresense/dataset/1/1_382.wav,1
/Users/trinity/Python3/snoresense/dataset/1/1_396.wav,1
/Users/trinity/Python3/snoresense/dataset/1/1_397.wav,1
/Users/trinity/Python3/snoresense/dataset/1/1_383.wav,1
/Users/trinity/Python3/snoresense/dataset/1/1_92.wav,1
/Users/trinity/Python3/snoresense/dataset/1/1_86.wav,1
/Users/trinity/Python3/snoresense/dataset/1/1_354.wav,1
/Users/trinity/Python3/snoresense/dataset/1/1_432.wav,1
/Users/trinity/Python3/snoresense/dataset/1/1_426.wav,1
/Users/trinity/Python3/snoresense/dataset/1/1_79.wav,1
/Users/trinity/Python3/snoresense/dataset/1/1_340.wav,1
/Users/trinity/Python3/snoresense/dataset/1/1_368.wav,1
/Users/trinity/Python3/snoresense/dataset/1/1_51.wav,1
/Users/trinity/Python3/snoresense/dataset/1/1_45.wav,1
/Users/trinity/Python3/snoresense/dataset/1/1_195.wav,1
/Users/trinity/Python3/snoresense/dataset/1/1_181.wav,1
/Users/trinity/Python3/snoresense/dataset/1/1_156.wav,1
/Users/trinity/Python3/snoresense/dataset/1/1_142.wav,1
/Users/trinity/Python3/snoresense/dataset/1/1_220.wav,1
/Users/trinity/Python3/snoresense/dataset/1/1_234.wav,1
/Users/trinity/Python3/snoresense/dataset/1/1_208.wav,1
/Users/trinity/Python3/snoresense/dataset/1/1_230.wav,1
/Users/trinity/Python3/snoresense/dataset/1/1_224.wav,1
/Users/trinity/Python3/snoresense/dataset/1/1_218.wav,1
/Users/trinity/Python3/snoresense/dataset/1/1_146.wav,1
/Users/trinity/Python3/snoresense/dataset/1/1_152.wav,1
/Users/trinity/Python3/snoresense/dataset/1/1_185.wav,1
/Users/trinity/Python3/snoresense/dataset/1/1_191.wav,1
/Users/trinity/Python3/snoresense/dataset/1/1_344.wav,1
/Users/trinity/Python3/snoresense/dataset/1/1_422.wav,1
/Users/trinity/Python3/snoresense/dataset/1/1_436.wav,1
/Users/trinity/Python3/snoresense/dataset/1/1_69.wav,1
/Users/trinity/Python3/snoresense/dataset/1/1_350.wav,1
/Users/trinity/Python3/snoresense/dataset/1/1_378.wav,1
/Users/trinity/Python3/snoresense/dataset/1/1_41.wav,1
/Users/trinity/Python3/snoresense/dataset/1/1_55.wav,1
/Users/trinity/Python3/snoresense/dataset/1/1_387.wav,1
/Users/trinity/Python3/snoresense/dataset/1/1_393.wav,1
/Users/trinity/Python3/snoresense/dataset/1/1_82.wav,1
/Users/trinity/Python3/snoresense/dataset/1/1_96.wav,1
/Users/trinity/Python3/snoresense/dataset/1/1_97.wav,1
/Users/trinity/Python3/snoresense/dataset/1/1_83.wav,1
/Users/trinity/Python3/snoresense/dataset/1/1_392.wav,1
/Users/trinity/Python3/snoresense/dataset/1/1_386.wav,1
/Users/trinity/Python3/snoresense/dataset/1/1_54.wav,1
/Users/trinity/Python3/snoresense/dataset/1/1_379.wav,1
/Users/trinity/Python3/snoresense/dataset/1/1_40.wav,1
/Users/trinity/Python3/snoresense/dataset/1/1_68.wav,1
/Users/trinity/Python3/snoresense/dataset/1/1_437.wav,1
/Users/trinity/Python3/snoresense/dataset/1/1_351.wav,1
/Users/trinity/Python3/snoresense/dataset/1/1_345.wav,1
/Users/trinity/Python3/snoresense/dataset/1/1_423.wav,1
/Users/trinity/Python3/snoresense/dataset/1/1_190.wav,1
/Users/trinity/Python3/snoresense/dataset/1/1_184.wav,1
/Users/trinity/Python3/snoresense/dataset/1/1_153.wav,1
/Users/trinity/Python3/snoresense/dataset/1/1_147.wav,1
/Users/trinity/Python3/snoresense/dataset/1/1_219.wav,1
/Users/trinity/Python3/snoresense/dataset/1/1_225.wav,1
/Users/trinity/Python3/snoresense/dataset/1/1_231.wav,1
/Users/trinity/Python3/snoresense/dataset/1/1_227.wav,1
/Users/trinity/Python3/snoresense/dataset/1/1_233.wav,1
/Users/trinity/Python3/snoresense/dataset/1/1_151.wav,1
/Users/trinity/Python3/snoresense/dataset/1/1_145.wav,1
/Users/trinity/Python3/snoresense/dataset/1/1_179.wav,1
/Users/trinity/Python3/snoresense/dataset/1/1_192.wav,1
/Users/trinity/Python3/snoresense/dataset/1/1_186.wav,1
/Users/trinity/Python3/snoresense/dataset/1/1_353.wav,1
/Users/trinity/Python3/snoresense/dataset/1/1_435.wav,1
/Users/trinity/Python3/snoresense/dataset/1/1_421.wav,1
/Users/trinity/Python3/snoresense/dataset/1/1_347.wav,1
/Users/trinity/Python3/snoresense/dataset/1/1_56.wav,1
/Users/trinity/Python3/snoresense/dataset/1/1_409.wav,1
/Users/trinity/Python3/snoresense/dataset/1/1_42.wav,1
/Users/trinity/Python3/snoresense/dataset/1/1_390.wav,1
/Users/trinity/Python3/snoresense/dataset/1/1_384.wav,1
/Users/trinity/Python3/snoresense/dataset/1/1_95.wav,1
/Users/trinity/Python3/snoresense/dataset/1/1_81.wav,1
/Users/trinity/Python3/snoresense/dataset/1/1_80.wav,1
/Users/trinity/Python3/snoresense/dataset/1/1_94.wav,1
/Users/trinity/Python3/snoresense/dataset/1/1_385.wav,1
/Users/trinity/Python3/snoresense/dataset/1/1_391.wav,1
/Users/trinity/Python3/snoresense/dataset/1/1_43.wav,1
/Users/trinity/Python3/snoresense/dataset/1/1_408.wav,1
/Users/trinity/Python3/snoresense/dataset/1/1_57.wav,1
/Users/trinity/Python3/snoresense/dataset/1/1_420.wav,1
/Users/trinity/Python3/snoresense/dataset/1/1_346.wav,1
/Users/trinity/Python3/snoresense/dataset/1/1_352.wav,1
/Users/trinity/Python3/snoresense/dataset/1/1_434.wav,1
/Users/trinity/Python3/snoresense/dataset/1/1_187.wav,1
/Users/trinity/Python3/snoresense/dataset/1/1_193.wav,1
/Users/trinity/Python3/snoresense/dataset/1/1_178.wav,1
/Users/trinity/Python3/snoresense/dataset/1/1_144.wav,1
/Users/trinity/Python3/snoresense/dataset/1/1_150.wav,1
/Users/trinity/Python3/snoresense/dataset/1/1_232.wav,1
/Users/trinity/Python3/snoresense/dataset/1/1_226.wav,1
/Users/trinity/Python3/snoresense/dataset/1/1_269.wav,1
/Users/trinity/Python3/snoresense/dataset/1/1_241.wav,1
/Users/trinity/Python3/snoresense/dataset/1/1_255.wav,1
/Users/trinity/Python3/snoresense/dataset/1/1_282.wav,1
/Users/trinity/Python3/snoresense/dataset/1/1_1.wav,1
/Users/trinity/Python3/snoresense/dataset/1/1_296.wav,1
/Users/trinity/Python3/snoresense/dataset/1/1_137.wav,1
/Users/trinity/Python3/snoresense/dataset/1/1_123.wav,1
/Users/trinity/Python3/snoresense/dataset/1/1_309.wav,1
/Users/trinity/Python3/snoresense/dataset/1/1_30.wav,1
/Users/trinity/Python3/snoresense/dataset/1/1_24.wav,1
/Users/trinity/Python3/snoresense/dataset/1/1_335.wav,1
/Users/trinity/Python3/snoresense/dataset/1/1_453.wav,1
/Users/trinity/Python3/snoresense/dataset/1/1_447.wav,1
/Users/trinity/Python3/snoresense/dataset/1/1_18.wav,1
/Users/trinity/Python3/snoresense/dataset/1/1_321.wav,1
/Users/trinity/Python3/snoresense/dataset/1/1_490.wav,1
/Users/trinity/Python3/snoresense/dataset/1/1_484.wav,1
/Users/trinity/Python3/snoresense/dataset/1/1_485.wav,1
/Users/trinity/Python3/snoresense/dataset/1/1_491.wav,1
/Users/trinity/Python3/snoresense/dataset/1/1_19.wav,1
/Users/trinity/Python3/snoresense/dataset/1/1_446.wav,1
/Users/trinity/Python3/snoresense/dataset/1/1_320.wav,1
/Users/trinity/Python3/snoresense/dataset/1/1_334.wav,1
/Users/trinity/Python3/snoresense/dataset/1/1_452.wav,1
/Users/trinity/Python3/snoresense/dataset/1/1_25.wav,1
/Users/trinity/Python3/snoresense/dataset/1/1_308.wav,1
/Users/trinity/Python3/snoresense/dataset/1/1_31.wav,1
/Users/trinity/Python3/snoresense/dataset/1/1_122.wav,1
/Users/trinity/Python3/snoresense/dataset/1/1_136.wav,1
/Users/trinity/Python3/snoresense/dataset/1/1_297.wav,1
/Users/trinity/Python3/snoresense/dataset/1/1_283.wav,1
/Users/trinity/Python3/snoresense/dataset/1/1_0.wav,1
/Users/trinity/Python3/snoresense/dataset/1/1_254.wav,1
/Users/trinity/Python3/snoresense/dataset/1/1_240.wav,1
/Users/trinity/Python3/snoresense/dataset/1/1_268.wav,1
/Users/trinity/Python3/snoresense/dataset/1/1_256.wav,1
/Users/trinity/Python3/snoresense/dataset/1/1_242.wav,1
/Users/trinity/Python3/snoresense/dataset/1/1_295.wav,1
/Users/trinity/Python3/snoresense/dataset/1/1_2.wav,1
/Users/trinity/Python3/snoresense/dataset/1/1_281.wav,1
/Users/trinity/Python3/snoresense/dataset/1/1_108.wav,1
/Users/trinity/Python3/snoresense/dataset/1/1_120.wav,1
/Users/trinity/Python3/snoresense/dataset/1/1_134.wav,1
/Users/trinity/Python3/snoresense/dataset/1/1_27.wav,1
/Users/trinity/Python3/snoresense/dataset/1/1_478.wav,1
/Users/trinity/Python3/snoresense/dataset/1/1_33.wav,1
/Users/trinity/Python3/snoresense/dataset/1/1_322.wav,1
/Users/trinity/Python3/snoresense/dataset/1/1_444.wav,1
/Users/trinity/Python3/snoresense/dataset/1/1_450.wav,1
/Users/trinity/Python3/snoresense/dataset/1/1_336.wav,1
/Users/trinity/Python3/snoresense/dataset/1/1_487.wav,1
/Users/trinity/Python3/snoresense/dataset/1/1_493.wav,1
/Users/trinity/Python3/snoresense/dataset/1/1_492.wav,1
/Users/trinity/Python3/snoresense/dataset/1/1_486.wav,1
/Users/trinity/Python3/snoresense/dataset/1/1_451.wav,1
/Users/trinity/Python3/snoresense/dataset/1/1_337.wav,1
/Users/trinity/Python3/snoresense/dataset/1/1_323.wav,1
/Users/trinity/Python3/snoresense/dataset/1/1_445.wav,1
/Users/trinity/Python3/snoresense/dataset/1/1_32.wav,1
/Users/trinity/Python3/snoresense/dataset/1/1_479.wav,1
/Users/trinity/Python3/snoresense/dataset/1/1_26.wav,1
/Users/trinity/Python3/snoresense/dataset/1/1_135.wav,1
/Users/trinity/Python3/snoresense/dataset/1/1_121.wav,1
/Users/trinity/Python3/snoresense/dataset/1/1_109.wav,1
/Users/trinity/Python3/snoresense/dataset/1/1_3.wav,1
/Users/trinity/Python3/snoresense/dataset/1/1_280.wav,1
/Users/trinity/Python3/snoresense/dataset/1/1_294.wav,1
/Users/trinity/Python3/snoresense/dataset/1/1_243.wav,1
/Users/trinity/Python3/snoresense/dataset/1/1_257.wav,1
/Users/trinity/Python3/snoresense/dataset/1/1_253.wav,1
/Users/trinity/Python3/snoresense/dataset/1/1_247.wav,1
/Users/trinity/Python3/snoresense/dataset/1/1_290.wav,1
/Users/trinity/Python3/snoresense/dataset/1/1_284.wav,1
/Users/trinity/Python3/snoresense/dataset/1/1_7.wav,1
/Users/trinity/Python3/snoresense/dataset/1/1_125.wav,1
/Users/trinity/Python3/snoresense/dataset/1/1_131.wav,1
/Users/trinity/Python3/snoresense/dataset/1/1_119.wav,1
/Users/trinity/Python3/snoresense/dataset/1/1_441.wav,1
/Users/trinity/Python3/snoresense/dataset/1/1_327.wav,1
/Users/trinity/Python3/snoresense/dataset/1/1_333.wav,1
/Users/trinity/Python3/snoresense/dataset/1/1_455.wav,1
/Users/trinity/Python3/snoresense/dataset/1/1_22.wav,1
/Users/trinity/Python3/snoresense/dataset/1/1_469.wav,1
/Users/trinity/Python3/snoresense/dataset/1/1_36.wav,1
/Users/trinity/Python3/snoresense/dataset/1/1_482.wav,1
/Users/trinity/Python3/snoresense/dataset/1/1_496.wav,1
/Users/trinity/Python3/snoresense/dataset/1/1_497.wav,1
/Users/trinity/Python3/snoresense/dataset/1/1_483.wav,1
/Users/trinity/Python3/snoresense/dataset/1/1_37.wav,1
/Users/trinity/Python3/snoresense/dataset/1/1_468.wav,1
/Users/trinity/Python3/snoresense/dataset/1/1_23.wav,1
/Users/trinity/Python3/snoresense/dataset/1/1_332.wav,1
/Users/trinity/Python3/snoresense/dataset/1/1_454.wav,1
/Users/trinity/Python3/snoresense/dataset/1/1_440.wav,1
/Users/trinity/Python3/snoresense/dataset/1/1_326.wav,1
/Users/trinity/Python3/snoresense/dataset/1/1_118.wav,1
/Users/trinity/Python3/snoresense/dataset/1/1_130.wav,1
/Users/trinity/Python3/snoresense/dataset/1/1_124.wav,1
/Users/trinity/Python3/snoresense/dataset/1/1_285.wav,1
/Users/trinity/Python3/snoresense/dataset/1/1_6.wav,1
/Users/trinity/Python3/snoresense/dataset/1/1_291.wav,1
/Users/trinity/Python3/snoresense/dataset/1/1_246.wav,1
/Users/trinity/Python3/snoresense/dataset/1/1_252.wav,1
/Users/trinity/Python3/snoresense/dataset/1/1_244.wav,1
/Users/trinity/Python3/snoresense/dataset/1/1_250.wav,1
/Users/trinity/Python3/snoresense/dataset/1/1_278.wav,1
/Users/trinity/Python3/snoresense/dataset/1/1_4.wav,1
/Users/trinity/Python3/snoresense/dataset/1/1_287.wav,1
/Users/trinity/Python3/snoresense/dataset/1/1_293.wav,1
/Users/trinity/Python3/snoresense/dataset/1/1_132.wav,1
/Users/trinity/Python3/snoresense/dataset/1/1_126.wav,1
/Users/trinity/Python3/snoresense/dataset/1/1_456.wav,1
/Users/trinity/Python3/snoresense/dataset/1/1_330.wav,1
/Users/trinity/Python3/snoresense/dataset/1/1_324.wav,1
/Users/trinity/Python3/snoresense/dataset/1/1_442.wav,1
/Users/trinity/Python3/snoresense/dataset/1/1_35.wav,1
/Users/trinity/Python3/snoresense/dataset/1/1_318.wav,1
/Users/trinity/Python3/snoresense/dataset/1/1_21.wav,1
/Users/trinity/Python3/snoresense/dataset/1/1_495.wav,1
/Users/trinity/Python3/snoresense/dataset/1/1_481.wav,1
/Users/trinity/Python3/snoresense/dataset/1/1_480.wav,1
/Users/trinity/Python3/snoresense/dataset/1/1_494.wav,1
/Users/trinity/Python3/snoresense/dataset/1/1_319.wav,1
/Users/trinity/Python3/snoresense/dataset/1/1_20.wav,1
/Users/trinity/Python3/snoresense/dataset/1/1_34.wav,1
/Users/trinity/Python3/snoresense/dataset/1/1_325.wav,1
/Users/trinity/Python3/snoresense/dataset/1/1_443.wav,1
/Users/trinity/Python3/snoresense/dataset/1/1_457.wav,1
/Users/trinity/Python3/snoresense/dataset/1/1_331.wav,1
/Users/trinity/Python3/snoresense/dataset/1/1_127.wav,1
/Users/trinity/Python3/snoresense/dataset/1/1_133.wav,1
/Users/trinity/Python3/snoresense/dataset/1/1_292.wav,1
/Users/trinity/Python3/snoresense/dataset/1/1_5.wav,1
/Users/trinity/Python3/snoresense/dataset/1/1_286.wav,1
/Users/trinity/Python3/snoresense/dataset/1/1_279.wav,1
/Users/trinity/Python3/snoresense/dataset/1/1_251.wav,1
/Users/trinity/Python3/snoresense/dataset/1/1_245.wav,1
